id,title,description,availability,condition,price,link,image_link,brand,google_product_category,product_type
"fit-dans-ta-vie-28j","Fit Dans Ta Vie — Méthode 28 jours","La méthode 28 jours pour intégrer le sport, l'alimentation et l'organisation dans ta vraie vie, même les semaines chargées (méthode Plan A/B/C). Par Ornella, coach sportive diplômée d'État. Accès immédiat, paiement unique.","in stock","new","49.00 EUR","https://www.ornellafitcoaching.com/fit-dans-ta-vie.html","https://www.ornellafitcoaching.com/images/catalogue/fit-dans-ta-vie-28j.jpg","Ornella Fit Coaching","Sporting Goods > Exercise & Fitness","Programme digital"
"iron-girl-8sem","Iron Girl — Programme salle 8 semaines","Programme de musculation féminine en salle sur 8 semaines : 3 phases progressives, 5 séances par semaine, nutrition incluse. Conçu par une ancienne compétitrice fitness. Accès immédiat.","in stock","new","49.00 EUR","https://www.ornellafitcoaching.com/iron-girl-sales.html","https://www.ornellafitcoaching.com/images/catalogue/iron-girl-8sem.jpg","Ornella Fit Coaching","Sporting Goods > Exercise & Fitness","Programme digital"
"booty-sculpt-8sem","Booty Sculpt — Fessiers 8 semaines","Programme fessiers 8 semaines avec 12 séances vidéo guidées par Ornella, ancienne compétitrice fitness. Avec ou sans élastiques, à domicile. Plan nutrition inclus. Accès à vie.","in stock","new","19.00 EUR","https://www.ornellafitcoaching.com/booty-sculpt.html","https://www.ornellafitcoaching.com/images/catalogue/booty-sculpt-8sem.jpg","Ornella Fit Coaching","Sporting Goods > Exercise & Fitness","Programme digital"
"ventre-plat-14j","Ventre Plat — Programme 14 jours","14 jours d'exercices ciblés, nutrition anti-ballonnements et plan repas pour un ventre plus plat et plus tonique. Programme digital à faire à la maison, accès immédiat.","in stock","new","12.00 EUR","https://www.ornellafitcoaching.com/ventre-plat.html","https://www.ornellafitcoaching.com/images/catalogue/ventre-plat-14j.jpg","Ornella Fit Coaching","Sporting Goods > Exercise & Fitness","Programme digital"
"postpartum-8sem","Ventre Plat Après Bébé — 8 semaines","Programme post-partum 8 semaines pour retrouver un ventre plat après bébé, travailler la diastase et reprendre le sport en douceur. Compatible allaitement, à la maison. Accès immédiat.","in stock","new","17.00 EUR","https://www.ornellafitcoaching.com/programme-postpartum.html","https://www.ornellafitcoaching.com/images/catalogue/postpartum-8sem.jpg","Ornella Fit Coaching","Sporting Goods > Exercise & Fitness","Programme digital"
"ageless-girl","Ageless Girl — Corps ferme 30-55 ans","Le guide complet pour rester ferme et forte de 30 à 55 ans : musculation anti-âge, nutrition longévité, ménopause et hormones. Par Ornella, coach sportive diplômée d'État. Accès à vie.","in stock","new","17.00 EUR","https://www.ornellafitcoaching.com/ageless-girl-sales.html","https://www.ornellafitcoaching.com/images/catalogue/ageless-girl.jpg","Ornella Fit Coaching","Sporting Goods > Exercise & Fitness","Programme digital"
"planner-ventre-fessiers","Planner Ventre & Fessiers 8 semaines","Le planner Google Sheets qui réunit tout : calculateur de calories automatique, programme 8 semaines à la maison, tracker quotidien et graphiques de suivi. Accès immédiat.","in stock","new","12.75 EUR","https://www.ornellafitcoaching.com/planner-ventre-fessiers.html","https://www.ornellafitcoaching.com/images/catalogue/planner-ventre-fessiers.jpg","Ornella Fit Coaching","Sporting Goods > Exercise & Fitness","Outil digital"
"bundle-booty-ventre","Bundle Booty Sculpt + Ventre Plat","Les 2 programmes réunis : Booty Sculpt 8 semaines + Ventre Plat 14 jours. Accès immédiat et à vie, 25€ au lieu de 31€.","in stock","new","25.00 EUR","https://www.ornellafitcoaching.com/bundle.html","https://www.ornellafitcoaching.com/images/catalogue/bundle-booty-ventre.jpg","Ornella Fit Coaching","Sporting Goods > Exercise & Fitness","Pack de programmes"
"pack-maman","Pack Maman — Après Bébé + Booty Sculpt","Les 2 programmes post-partum réunis : Ventre Plat Après Bébé + Booty Sculpt. Accès immédiat et à vie, 27€ au lieu de 36€.","in stock","new","27.00 EUR","https://www.ornellafitcoaching.com/pack-maman.html","https://www.ornellafitcoaching.com/images/catalogue/pack-maman.jpg","Ornella Fit Coaching","Sporting Goods > Exercise & Fitness","Pack de programmes"
"guide-recettes-21","Guide Recettes Sculptantes — 21 recettes","21 recettes faciles classées par objectif (drainage, satiété, anti-rétention) + liste de courses prête à l'emploi. Guide PDF, accès immédiat.","in stock","new","7.00 EUR","https://www.ornellafitcoaching.com/guide-recettes-vente.html","https://www.ornellafitcoaching.com/images/catalogue/guide-recettes-21.jpg","Ornella Fit Coaching","Sporting Goods > Exercise & Fitness","Guide digital"
"programme-sur-mesure-8sem","Programme sur-mesure — 8 semaines","Programme d'entraînement 100 % personnalisé sur 8 semaines, créé après ton bilan par Ornella, coach sportive diplômée d'État : vidéos de démonstration, jusqu'à 4 séances par semaine, livré sous 5 à 7 jours.","in stock","new","79.00 EUR","https://www.ornellafitcoaching.com/programme-sur-mesure.html","https://www.ornellafitcoaching.com/images/catalogue/programme-sur-mesure-8sem.jpg","Ornella Fit Coaching","Sporting Goods > Exercise & Fitness","Programme personnalisé"
"summer-body-4sem","Summer Body Challenge — 4 semaines","4 semaines de workouts full body sans matériel, parfaits pour les vacances. Programme saisonnier.","out of stock","new","19.00 EUR","https://www.ornellafitcoaching.com/summer-body-sales.html","https://www.ornellafitcoaching.com/images/catalogue/summer-body-4sem.jpg","Ornella Fit Coaching","Sporting Goods > Exercise & Fitness","Programme digital"
"morpho-summer","Morpho Summer — Programme selon ta morphologie","Un quiz en 5 questions pour découvrir ton programme sport et nutrition adapté à ta morphologie. Programme saisonnier.","out of stock","new","12.00 EUR","https://www.ornellafitcoaching.com/morpho-summer-sales.html","https://www.ornellafitcoaching.com/images/catalogue/morpho-summer.jpg","Ornella Fit Coaching","Sporting Goods > Exercise & Fitness","Programme digital"
